rank,scene_idx,result,success,steps,collisions,exposure,remaining_dist,bfs_len,bucket,start_x,start_y,goal_x,goal_y
0,9,success,1,5,0,0.0,0.0,5,hard,1,4,6,6
1,10,success,1,5,0,0.0,0.0,5,hard,9,4,4,4
2,11,success,1,5,0,0.0,0.0,5,hard,3,4,7,7
3,21,success,1,5,0,0.0,0.0,4,mid,7,6,9,9
4,23,timeout,0,70,0,1.0,3.1622776985168457,5,hard,4,6,7,1
5,35,success,1,4,0,0.0,0.0,4,mid,9,9,5,6
6,43,success,1,2,0,0.0,0.0,2,easy,1,0,2,2
7,44,success,1,4,0,0.0,0.0,2,easy,7,5,9,3
8,50,success,1,5,0,0.0,0.0,5,hard,5,2,4,6
9,56,timeout,0,70,0,0.05714285714285714,2.8284270763397217,4,mid,7,6,3,2
10,58,success,1,4,0,0.0,0.0,4,mid,2,1,2,5
11,64,success,1,7,0,0.5714285714285714,0.0,4,mid,5,5,1,4
12,83,success,1,4,0,0.0,0.0,4,mid,8,4,8,0
13,84,success,1,4,0,0.0,0.0,2,easy,5,9,7,7
14,88,success,1,2,0,0.0,0.0,2,easy,3,5,1,7
15,94,timeout,0,70,0,0.0,1.0,5,hard,1,2,6,1
16,95,timeout,0,70,0,0.0,1.0,4,mid,6,1,9,5
17,98,success,1,8,0,0.0,0.0,5,hard,0,3,5,4
18,104,timeout,0,70,0,0.0,1.0,2,easy,4,6,2,7
19,112,success,1,5,0,0.2,0.0,5,hard,9,6,4,5
20,123,success,1,5,0,0.0,0.0,3,easy,8,4,7,1
21,130,success,1,6,0,0.0,0.0,5,hard,6,1,3,6
22,134,success,1,2,0,0.0,0.0,2,easy,6,1,4,2
23,138,success,1,6,0,0.0,0.0,5,hard,0,8,5,7
24,142,timeout,0,70,0,0.0,1.0,2,easy,5,5,3,4
25,146,success,1,3,0,0.0,0.0,3,easy,0,4,1,1
26,158,success,1,4,0,0.0,0.0,3,easy,8,4,7,7
27,165,success,1,6,0,0.0,0.0,5,hard,8,4,3,3
28,179,success,1,5,0,0.0,0.0,5,hard,9,7,4,9
29,185,timeout,0,70,0,0.0,1.0,4,mid,9,5,5,1
30,192,success,1,5,0,0.0,0.0,3,easy,7,7,5,4
31,196,success,1,5,0,0.0,0.0,5,hard,5,1,3,5
32,201,timeout,0,70,0,0.0,1.0,4,mid,3,9,5,5
33,206,success,1,7,0,0.0,0.0,5,hard,4,8,9,6
34,208,success,1,2,0,0.0,0.0,2,easy,5,3,3,3
35,227,success,1,7,0,0.0,0.0,5,hard,9,4,9,9
36,235,success,1,5,0,0.0,0.0,3,easy,7,9,4,6
37,243,success,1,2,0,0.0,0.0,2,easy,7,2,5,4
38,258,success,1,4,0,0.0,0.0,4,mid,1,4,2,8
39,259,success,1,6,0,0.0,0.0,5,hard,7,2,2,3
40,262,success,1,4,0,0.0,0.0,4,mid,0,4,0,0
41,263,timeout,0,70,0,0.0,1.0,4,mid,2,3,6,5
42,270,success,1,5,0,0.0,0.0,3,easy,2,9,4,6
43,272,success,1,5,0,0.0,0.0,5,hard,3,7,8,4
44,273,success,1,4,0,0.0,0.0,4,mid,0,4,2,0
45,276,success,1,4,0,0.0,0.0,4,mid,4,4,1,8
46,277,success,1,3,0,0.0,0.0,3,easy,6,3,9,1
47,279,success,1,3,0,0.0,0.0,3,easy,3,5,1,8
48,284,timeout,0,70,0,0.0,1.0,2,easy,1,6,3,7
49,289,success,1,4,0,0.0,0.0,3,easy,8,1,7,4
50,295,success,1,5,0,0.0,0.0,4,mid,4,4,2,0
51,299,success,1,3,0,0.0,0.0,3,easy,3,7,4,4
52,303,timeout,0,70,0,0.0,1.4142135381698608,3,easy,5,6,5,3
53,307,timeout,0,70,0,0.0,1.0,5,hard,2,7,7,6
54,309,success,1,4,0,0.0,0.0,4,mid,9,3,5,6
55,310,success,1,5,0,0.0,0.0,4,mid,9,7,5,5
56,313,success,1,2,0,0.5,0.0,2,easy,3,7,3,5
57,324,success,1,4,0,0.0,0.0,3,easy,9,8,6,7
58,333,success,1,5,0,0.0,0.0,3,easy,3,2,2,5
59,343,success,1,3,0,0.0,0.0,2,easy,5,6,7,5
60,344,success,1,2,0,0.0,0.0,2,easy,3,7,3,9
61,345,success,1,3,0,0.0,0.0,2,easy,4,4,2,5
62,350,success,1,5,0,0.2,0.0,5,hard,2,2,4,7
63,356,success,1,5,0,0.0,0.0,5,hard,6,5,8,0
64,357,success,1,2,0,0.0,0.0,2,easy,0,0,2,2
65,359,success,1,6,0,0.0,0.0,4,mid,0,9,4,6
66,360,timeout,0,70,0,0.0,1.0,4,mid,9,4,5,2
67,367,success,1,3,0,0.0,0.0,3,easy,4,0,1,2
68,368,success,1,3,0,0.0,0.0,2,easy,8,3,6,2
69,369,timeout,0,70,0,1.0,3.1622776985168457,4,mid,4,3,0,4
70,373,success,1,7,0,0.0,0.0,4,mid,6,6,3,2
71,385,success,1,5,0,0.0,0.0,5,hard,9,3,6,8
72,397,timeout,0,70,0,0.0,4.4721360206604,8,hard,8,2,6,7
73,400,success,1,5,0,0.0,0.0,5,hard,0,7,5,7
74,403,success,1,5,0,0.0,0.0,3,easy,3,9,0,7
75,405,timeout,0,70,0,0.0,1.4142135381698608,2,easy,4,9,2,7
76,408,success,1,5,0,0.0,0.0,5,hard,5,3,0,6
77,414,timeout,0,70,0,0.0,2.0,5,hard,8,3,3,6
78,416,success,1,2,0,0.0,0.0,2,easy,6,1,8,0
79,419,success,1,3,0,0.0,0.0,3,easy,2,3,5,6
80,420,timeout,0,70,0,0.0,1.0,4,mid,1,2,1,6
81,422,success,1,2,0,0.0,0.0,2,easy,1,1,3,3
82,429,success,1,5,0,0.0,0.0,5,hard,5,0,0,3
83,430,timeout,0,70,0,0.0,1.4142135381698608,5,hard,9,2,4,2
84,437,success,1,6,0,0.0,0.0,5,hard,6,5,9,0
85,438,success,1,3,0,0.0,0.0,3,easy,6,6,4,8
86,444,success,1,3,0,0.0,0.0,3,easy,3,5,5,2
87,452,success,1,5,0,0.0,0.0,4,mid,2,0,4,4
88,455,timeout,0,70,0,0.24285714285714285,2.2360680103302,3,easy,2,3,5,3
89,457,success,1,4,0,0.0,0.0,4,mid,8,6,6,2
90,460,success,1,4,0,0.0,0.0,2,easy,5,0,4,2
91,461,success,1,7,0,0.0,0.0,5,hard,8,3,9,8
92,473,timeout,0,70,0,0.0,1.0,3,easy,0,9,1,6
93,475,success,1,5,0,0.0,0.0,3,easy,2,2,5,5
94,489,success,1,7,0,0.0,0.0,4,mid,8,7,5,3
95,499,success,1,2,0,0.0,0.0,2,easy,5,2,5,0
96,504,success,1,4,0,0.0,0.0,3,easy,0,5,3,2
97,507,success,1,3,0,0.0,0.0,3,easy,0,7,0,4
98,508,success,1,3,0,0.0,0.0,3,easy,5,4,8,3
99,512,timeout,0,70,0,0.0,1.0,2,easy,0,9,1,7
100,513,success,1,2,0,0.0,0.0,2,easy,2,1,4,1
101,515,success,1,5,0,0.0,0.0,4,mid,6,7,6,3
102,517,timeout,0,70,0,1.0,3.605551242828369,4,mid,6,7,6,3
103,527,timeout,0,70,0,0.6857142857142857,6.4031243324279785,4,mid,5,1,4,5
104,528,success,1,3,0,0.0,0.0,2,easy,2,5,1,7
105,535,success,1,3,0,0.0,0.0,2,easy,7,8,9,9
106,546,success,1,5,0,0.0,0.0,4,mid,8,8,5,4
107,558,success,1,4,0,0.0,0.0,4,mid,2,4,0,8
108,560,success,1,5,0,0.0,0.0,4,mid,5,5,9,4
109,561,timeout,0,70,0,0.0,3.1622776985168457,4,mid,9,3,5,3
110,562,success,1,4,0,0.0,0.0,4,mid,5,0,9,4
111,566,timeout,0,70,0,0.3142857142857143,1.0,3,easy,8,4,5,2
112,573,success,1,4,0,0.0,0.0,4,mid,3,9,4,5
113,577,success,1,2,0,0.0,0.0,2,easy,2,5,1,3
114,582,success,1,4,0,0.0,0.0,2,easy,4,5,3,3
115,588,success,1,6,0,0.0,0.0,5,hard,9,8,7,3
116,592,timeout,0,70,0,0.0,2.2360680103302,2,easy,2,0,0,1
117,611,success,1,3,0,0.0,0.0,2,easy,4,8,6,7
118,614,timeout,0,70,0,1.0,2.8284270763397217,3,easy,0,3,3,5
119,617,success,1,5,0,0.0,0.0,4,mid,6,6,9,9
120,625,success,1,2,0,0.0,0.0,2,easy,4,0,2,2
121,628,success,1,6,0,0.0,0.0,4,mid,3,1,7,5
122,629,timeout,0,70,0,0.0,1.0,2,easy,4,8,2,7
123,631,timeout,0,70,0,0.0,4.4721360206604,12,hard,5,7,8,9
124,636,success,1,5,0,0.0,0.0,3,easy,0,7,3,7
125,638,success,1,5,0,0.0,0.0,5,hard,2,1,0,6
126,641,timeout,0,70,0,0.0,2.2360680103302,5,hard,4,9,1,4
127,657,success,1,2,0,0.0,0.0,2,easy,0,2,1,4
128,677,success,1,2,0,0.0,0.0,2,easy,4,2,5,0
129,685,success,1,3,0,0.3333333333333333,0.0,2,easy,5,5,7,6
130,686,timeout,0,70,0,0.18571428571428572,4.242640495300293,5,hard,0,2,5,4
131,688,success,1,4,0,0.0,0.0,2,easy,2,8,4,6
132,702,success,1,4,0,0.0,0.0,4,mid,6,9,7,5
133,703,success,1,5,0,0.0,0.0,3,easy,1,9,4,7
134,704,success,1,4,0,0.0,0.0,4,mid,5,4,9,4
135,705,success,1,3,0,0.0,0.0,2,easy,4,2,2,0
136,708,success,1,2,0,0.0,0.0,2,easy,9,2,7,2
137,714,success,1,3,0,0.0,0.0,3,easy,4,4,3,7
138,715,success,1,6,0,0.0,0.0,4,mid,5,8,3,4
139,734,success,1,5,0,0.0,0.0,5,hard,3,0,8,3
140,738,success,1,5,0,0.0,0.0,5,hard,7,1,5,6
141,758,success,1,4,0,0.0,0.0,4,mid,4,4,0,5
142,762,timeout,0,70,0,0.9857142857142858,1.0,4,mid,1,4,5,1
143,768,success,1,5,0,0.0,0.0,5,hard,8,3,8,8
144,775,success,1,5,0,0.0,0.0,4,mid,5,2,9,5
145,776,success,1,4,0,0.0,0.0,4,mid,4,8,0,9
146,777,success,1,3,0,0.0,0.0,2,easy,8,5,7,3
147,788,timeout,0,70,0,0.0,2.2360680103302,2,easy,5,1,5,3
148,789,success,1,4,0,0.0,0.0,3,easy,3,3,0,4
149,794,success,1,5,0,0.0,0.0,4,mid,4,4,6,0
150,795,timeout,0,70,0,0.0,3.1622776985168457,5,hard,2,1,3,4
151,796,timeout,0,70,0,0.0,1.4142135381698608,5,hard,3,3,2,8
152,799,success,1,3,0,0.0,0.0,3,easy,3,5,6,6
153,811,success,1,2,0,0.0,0.0,2,easy,8,4,8,2
154,814,success,1,3,0,0.0,0.0,3,easy,5,6,4,9
155,817,success,1,2,0,0.0,0.0,2,easy,7,1,7,3
156,821,timeout,0,70,0,0.0,1.0,3,easy,0,4,3,7
157,822,timeout,0,70,0,0.0,2.2360680103302,8,hard,3,0,2,5
158,824,success,1,7,0,0.0,0.0,5,hard,2,3,7,1
159,825,success,1,4,0,0.0,0.0,4,mid,0,2,4,4
160,833,success,1,5,0,0.0,0.0,5,hard,6,4,4,9
161,844,timeout,0,70,0,0.0,5.099019527435303,5,hard,1,2,2,7
162,845,timeout,0,70,0,0.0,1.4142135381698608,2,easy,1,3,1,5
163,847,timeout,0,70,0,0.0,2.0,2,easy,2,4,4,2
164,861,timeout,0,70,0,0.0,2.2360680103302,2,easy,3,8,3,6
165,863,success,1,2,0,0.0,0.0,2,easy,6,6,7,8
166,867,timeout,0,70,0,0.0,1.0,2,easy,2,8,4,9
167,872,success,1,3,0,0.0,0.0,3,easy,6,5,9,6
168,883,success,1,8,0,0.0,0.0,5,hard,7,0,2,1
169,885,timeout,0,70,0,0.0,4.0,6,hard,2,5,8,5
170,887,success,1,4,0,0.25,0.0,4,mid,2,7,4,3
171,891,success,1,5,0,0.0,0.0,4,mid,7,8,3,7
172,894,success,1,5,0,0.0,0.0,4,mid,5,3,5,7
173,905,timeout,0,70,0,0.0,1.4142135381698608,5,hard,7,7,2,6
174,908,success,1,3,0,0.0,0.0,3,easy,4,4,7,3
175,914,success,1,3,0,0.0,0.0,2,easy,2,0,0,1
176,927,success,1,4,0,0.25,0.0,4,mid,2,4,1,0
177,928,timeout,0,70,0,0.0,1.0,5,hard,6,3,2,7
178,929,success,1,5,0,0.0,0.0,4,mid,5,7,9,7
179,931,success,1,5,0,0.0,0.0,4,mid,0,2,4,4
180,933,success,1,3,0,0.0,0.0,2,easy,9,4,7,2
181,935,success,1,7,0,0.42857142857142855,0.0,5,hard,2,1,6,5
182,939,timeout,0,70,0,0.9428571428571428,1.4142135381698608,4,mid,8,4,4,1
183,940,timeout,0,70,0,0.0,3.1622776985168457,5,hard,0,9,2,5
184,941,timeout,0,70,0,0.0,1.4142135381698608,3,easy,6,1,3,3
185,966,success,1,5,0,0.2,0.0,5,hard,4,5,2,8
186,971,success,1,5,0,0.0,0.0,3,easy,5,0,8,2
187,973,success,1,4,0,0.0,0.0,4,mid,8,4,8,8
188,975,success,1,2,0,0.0,0.0,2,easy,2,2,4,3
189,979,success,1,3,0,0.0,0.0,3,easy,5,4,8,7
190,980,success,1,3,0,0.0,0.0,3,easy,0,2,3,3
191,981,timeout,0,70,0,0.0,4.0,8,hard,4,0,8,0
192,983,timeout,0,70,0,0.9714285714285714,1.0,4,mid,3,5,5,9
193,995,success,1,3,0,0.0,0.0,3,easy,8,2,7,5
194,998,timeout,0,70,0,0.0,2.0,3,easy,4,6,2,9
195,999,success,1,4,0,0.0,0.0,4,mid,8,6,4,9
196,1003,success,1,4,0,0.0,0.0,4,mid,7,5,9,9
197,1005,success,1,3,0,0.0,0.0,3,easy,3,6,0,9
198,1009,success,1,3,0,0.0,0.0,3,easy,0,3,2,1
199,1011,timeout,0,70,0,0.0,1.0,2,easy,5,9,3,7
